ID;Age_Y;Gender;Weight_Kg;Height_cm;BMI;Speed_m/s;Jump _distance_cm
1;13;female;43;160;17;4.9;189
2;13;female;47;158;19;5.15;267
3;12;male;41;151;18;5.95;316
4;12;male;44;145;21;4.72;203
5;12;male;36;146;17;5.32;308
6;12;male;74;160;29;5.49;276
7;12;male;41;172;14;5.26;294
8;12;female;31;149;14;5.00;226
9;12;female;55;165;20;4.46;172
10;12;female;41;151;18;4.9;226
11;12;male;36;150;16;5.15;290
12;12;male;28;145;13;5.75;380
13;13;female;44;160;17;5.43;235
14;12;female;44;160;17;5.26;257
15;12;female;50;146;23;4.9;205
16;12;female;34;150;15;4.72;235
17;12;male;32;145;15;5.43;275
18;13;female;41;160;16;5.26;224
19;12;male;30;145;14;4.9;216
20;12;female;35;150;16;4.72;194
21;12;male;33;149;15;4.59;307
22;12;male;52;150;23;4.9;240
23;12;male;41;160;16;5.43;333
24;12;male;28;143;14;5.1;328
25;12;male;35;150;16;5.43;273
26;12;female;37;147;17;4.17;175
27;12;male;36;146;17;5.62;294
28;12;female;44;155;18;5.21;214
29;12;male;37;159;15;5.49;310
30;12;male;27;144;13;5.05;173
31;12;male;37;148;17;5.49;270
32;14;male;37;155;15;5.81;330
33;13;male;37;150;16;5.95;362
34;12;male;39;150;17;5.26;270
35;13;female;43;160;17;5.49;230
36;12;male;52;155;22;5.1;277
37;12;male;32;149;14;5.43;249
38;17;female;54;155;22;5.21;284
39;13;male;57;156;23;5.32;340
40;14;male;37;160;14;5.56;370
41;12;female;36;150;16;4.39;240
42;12;male;44;157;18;4.72;200
43;12;male;41;155;17;5.43;357
44;12;male;38;151;17;5.00;339
45;12;male;49;145;23;4.9;260
46;12;male;29;142;14;4.67;347
47;13;male;41;155;17;5.43;345
48;13;female;43;160;17;4.24;256
49;12;female;44;152;19;5.43;245
50;12;female;42;145;20;4.55;296
51;12;female;40;158;16;5.32;208
52;13;male;34;150;15;5.38;308
53;12;male;82;163;31;4.55;241
54;12;male;39;150;17;5.32;298
55;13;female;60;160;23;5.26;235
56;12;female;43;155;18;4.9;220
57;12;male;34;150;15;5.15;333
58;13;male;51;165;19;4.72;207
59;12;male;32;145;15;4.95;331
60;13;female;44;145;21;5.26;297
61;12;female;40;145;19;4.9;179
62;12;female;61;160;24;4.46;178
63;13;female;38;145;18;4.55;266
64;12;female;35;140;18;4.55;185
65;12;female;44;150;20;4.39;244
66;12;female;52;163;20;5.38;357
67;12;female;37;148;17;4.72;279
68;12;male;32;135;18;5.1;300
69;12;female;53;155;22;4.72;210
70;13;male;51;157;21;5.75;326
71;12;female;43;151;19;4.13;171
72;12;male;34;140;17;4.95;318
73;12;female;52;160;20;4.65;259
74;12;female;33;150;15;4.65;250
75;12;female;44;151;19;5.13;244
76;12;male;44;155;18;5.19;252
77;12;female;49;152;21;4.3;170
78;12;female;43;148;20;4.6;202
79;12;male;49;152;21;4.94;288
80;12;female;29;139;15;4.76;295
81;12;female;40;154;17;4.6;223
82;12;male;38;146;18;5.26;288
83;13;male;51;156;21;5.71;322
84;12;male;38.5;150;17;5.06;265
85;13;female;44;169;15;4.44;240
86;12;male;68;168;24;5.41;324
87;12;female;36;145;17;4.15;231
88;12;female;42;155;17;4.76;280
89;12;male;29;143;14;4.55;230
90;12;male;35;146;16;5.56;353
91;13;male;45;155;19;4.55;260
92;12;male;46;155;19;4.85;283
93;12;female;38;150;17;5.06;248
94;12;male;32;143;16;5.26;234
95;12;female;40;155;17;4.71;261
96;12;female;48;156;20;4.44;196
97;12;male;40;150;18;5.26;339
98;12;female;67;156;28;3.92;173
99;12;male;37;141;19;5.33;345
100;12;female;37.5;153;16;5.26;354
101;12;male;49;150;22;4.44;262
102;13;male;35;151;15;5.48;395
103;12;female;35;150;16;4.94;262
104;12;female;42;166;15;4.76;236
105;12;female;36;155;15;5.06;283
106;12;male;42.5;160;17;5.41;360
107;13;female;38;155;16;4.63;215
108;13;female;62;164;23;4.3;220
109;12;female;29;153;12;4.3;271
110;12;male;48;155;20;5.26;326
111;13;male;48;155;20;4.94;314
112;13;male;37;150;16;5.06;300
113;13;female;77;165;28;3.81;160
114;13;male;33;144;16;5.41;310
115;13;male;42;167;15;5.63;341
116;12;female;33;148;15;5.26;180
117;12;male;53;160;21;5.13;230
118;12;female;33;143;16;4.44;180
119;12;male;48;160;19;5.56;370
120;12;male;45;152;19;5.71;354
121;12;male;33;148;15;4.88;210
122;12;male;30;138;16;5.00;181
123;12;male;36;153;15;5.71;341
124;13;male;37;146;17;5.19;305
125;12;male;33;146;15;4.82;263
126;13;male;47;153;20;5.56;288
127;12;female;38;150;17;5.26;260
128;12;female;61;148;28;5.13;204
129;12;male;40.5;143;20;5.19;288
130;17;male;48;157;19;6.25;377
131;17;male;47;176;15;5.19;290
132;15;female;67;173;22;4.86;244
133;14;male;40;153;17;5.06;267
134;14;female;41;155;17;4.49;185
135;12;male;52;163;20;4.35;257
136;16;male;54;167;19;5.8;384
137;13;female;35;148;16;5.06;196
138;13;male;48;152;21;4.49;300
139;13;female;82;156;34;4.76;210
140;13;female;40;152;17;5.06;247
141;13;male;42;156;17;5.88;335
142;14;male;55;165;20;5.71;375
143;13;male;35;145;17;4.71;266
144;12;male;37;147;17;5.00;315
145;12;female;35;150;16;4.12;212
146;13;male;44;155;18;4.44;315
147;12;male;41;149;18;5.06;330
148;12;female;39;146;18;4.88;320
149;12;male;37;155;15;5.13;300
150;12;female;40;155;17;5.00;230
151;12;female;39;150;17;5.26;283
152;13;female;37;160;14;5.13;227
153;12;female;36;157;15;4.55;240
154;12;female;39;150;17;5.13;245
155;12;male;42;147;19;5.33;310
156;12;male;37;147;17;5.56;332
157;12;female;61;162;23;4.71;258
158;12;male;38;156;16;5.06;309
159;12;male;43;159;17;5.56;350
160;16;male;55;175;18;5.26;360
161;16;female;64;157;26;4.44;185
162;16;male;53;175;17;5.97;423
163;16;male;64;170;22;6.56;450
164;14;male;49;166;18;5.33;320
165;14;male;49;156;20;5.19;344
166;14;male;50;165;18;5.88;356
167;15;male;43;156;18;5.33;306
168;15;male;48;170;17;5.41;352
169;14;male;81;178;26;5.71;270
170;13;male;45;155;19;4.49;250
171;13;female;41;155;17;4.71;249
172;12;male;39;158;16;5.56;355
173;13;female;31;146;15;4.88;292
174;13;female;54;164;20;5.00;243
175;13;male;53;165;19;5.97;440
176;13;male;36;151;16;5.26;307
177;12;male;32;150;16;5.26;298
178;12;female;34;144;16;4.88;267
179;12;female;51;151;22;4.6;172
180;12;female;42;150;19;4.82;216
181;12;male;35;150;16;5.41;329
182;12;male;35;149;16;5.63;320
183;12;male;28;135;15;5.48;357
184;12;female;54;158;22;4.71;200
185;12;male;40;156;16;5.06;283
186;12;male;49;155;20;4.82;322
187;12;male;37;145;18;5.13;330
188;12;female;40;148;18;5.06;260
189;12;male;34;150;15;5.62;314
190;13;female;41;153;18;4.82;230
191;12;male;47;155;20;5.06;334
192;12;female;36;150;16;5.26;198
193;12;male;33;150;15;5.63;347
194;12;female;37;156;15;4.82;210
195;12;male;35;140;18;6.25;384
196;13;female;52;163;20;4.88;237
197;12;male;37;145;18;5.41;318
198;16;male;38;155;16;5.33;327
199;15;male;50;165;18;5.56;364
200;15;male;35;154;15;5.06;330
201;15;male;58;165;21;5.56;337
202;14;female;80;155;33;4.35;170
203;14;male;30;145;14;5.48;353
204;14;female;49;155;20;4.6;206
205;14;male;38;155;16;4.72;340
206;14;male;40;150;18;5.00;305
207;13;male;48;157;19;5.71;370
208;16;male;66;165;24;5.56;343
209;15;male;39;160;15;4.76;287
210;14;male;39;150;17;4.76;337
211;17;male;63;183;19;6.35;519
212;16;male;49;170;17;5.41;368
213;14;male;53;164;20;5.63;410
214;18;female;62;160;24;4.88;315
215;16;male;64;171;22;6.56;476
216;19;male;65;180;20;6.35;500
217;16;male;46;163;17;7.14;450
218;17;female;47;154;20;4.82;256
219;16;female;55;163;21;5.06;240
220;16;female;46;150;20;4.82;280
221;15;female;52;158;21;5.19;222
222;15;female;63;163;24;5.06;315
223;15;female;54;170;19;5.26;250
224;16;female;46;155;19;4.88;306
225;15;male;48;176;15;5.71;354
226;15;male;64;171;22;6.25;350
227;15;male;55;173;18;6.25;440
228;15;female;51;160;20;4.4;230
229;15;female;64;170;22;5.26;300
230;14;female;48;165;18;4.82;220
231;15;male;45;162;17;6.06;484
232;14;male;49;163;18;5.26;351
233;14;male;48;170;17;5.26;380
234;14;male;40;153;17;4.94;310
235;14;male;50;165;18;5.21;345
236;14;female;53;165;19;5.26;241
237;14;female;55;164;20;5.19;280
238;14;female;46;156;19;4.44;238
239;14;female;65;165;24;5.00;280
240;14;male;40;160;16;5.41;330
241;14;female;51;160;20;5.41;350
242;14;female;55;160;21;5.19;292
243;14;female;57;163;21;4.71;250
244;14;female;50;171;17;4.44;240
245;14;male;67;172;23;5.63;360
246;15;female;48;160;19;4.6;261
247;18;male;50;170;17;6.15;464
248;16;female;45;160;18;4.85;280
249;16;male;54;167;19;6.92;453
250;17;female;45;157;18;4.55;192
251;15;female;45;160;18;5.56;320
252;17;male;68;180;21;7.46;540
253;17;female;52;162;20;5.22;271
254;16;female;57;157;23;5.42;262
255;15;male;49;175;16;6.49;405
256;15;male;55;175;18;7.04;450
257;16;male;47;160;18;6.25;390
258;15;female;56;161;22;4.81;260
259;15;male;59;170;20;6.41;340
260;15;male;53;175;17;6.58;460
261;15;male;40;155;17;5.49;342
262;15;male;51;160;20;5.95;320
263;15;female;39;157;16;4.76;260
264;15;male;50;160;20;6.02;341
265;14;female;50;162;19;5.15;263
266;16;female;58;166;21;4.67;277
267;14;male;47;164;17;6.17;390
268;14;male;44;157;18;5.62;390
269;14;male;37;155;15;6.33;440
270;14;female;44;156;18;4.46;185
271;14;male;51;160;20;5.75;420
272;14;male;59;167;21;6.49;450
273;18;female;51;164;19;4.9;270
274;15;female;42;151;18;5.68;307
275;14;female;46;160;18;5.75;330
276;16;male;50;175;16;5.88;380
277;16;male;63;179;20;5.97;422
278;14;female;49;153;21;4.71;195
279;14;male;80;165;29;4.26;281
280;14;male;32;150;14;5.48;260
281;17;male;78;175;25;5.71;375
282;17;male;67;180;21;6.45;526
283;18;female;52;170;18;6.06;380
284;17;male;54;167;19;6.67;500
285;18;male;69;178;22;5.97;460
286;17;male;57;170;20;6.25;390
287;15;female;62;160;24;4.65;174
288;16;female;43;160;17;4.9;205
289;15;female;49;155;20;4.71;344
290;15;male;48;156;20;5.48;370
291;15;male;52;160;20;5.97;370
292;15;female;63;160;25;4.71;215
293;15;male;55;170;19;5.97;352
294;17;male;49;175;16;5.48;355
295;17;male;55;172;19;6.58;490
296;15;male;50;172;17;6.15;445
297;14;male;46;160;18;5.71;388
298;14;female;53;167;19;5.48;368
299;14;male;43;163;16;5.41;364
300;15;female;36;145;17;4.59;211
301;14;female;78;158;31;5.19;214
302;14;female;42;155;17;4.94;270
303;14;female;54;160;21;4.82;177
304;14;female;48;171;16;4.44;260
305;14;female;55;160;21;5.00;225
306;14;female;60;152;26;5.06;204
307;14;female;47;157;19;5.63;274
308;14;female;45;162;17;5.13;295
309;18;male;73;177;23;6.15;493
310;14;female;58.5;155;24;5.33;270
311;16;male;68;173;23;6.76;450
312;17;male;55;165;20;5.48;380
313;16;male;57;177;18;6.35;484
314;17;male;76;184;22;6.45;474
315;16;female;60;160;23;5.00;292
316;16;female;68;154;29;4.76;190
317;16;male;50;160;20;5.56;322
318;16;male;60;176;19;5.33;440
319;16;male;50;168;18;5.13;410
320;17;female;55;164;20;3.94;212
321;15;male;50;169;18;5.26;480
322;15;female;66;164;25;4.1;160
323;15;female;51;153;22;5.00;208
324;15;male;67;180;21;5.06;480
325;16;female;52;160;20;4.76;305
326;15;male;59;175;19;5.88;440
327;15;male;61;165;22;5.26;300
328;15;female;46;159;18;3.67;226
329;15;male;35;160;14;5.26;320
330;15;male;56;180;17;6.67;413
331;15;female;52;161;20;5.06;246
332;15;male;49;160;19;5.56;370
333;15;female;72;173;24;4.95;226
334;14;male;44;161;17;5.06;254
335;15;female;69;160;27;4.76;220
336;15;female;59.5;158;24;4.27;162
337;14;female;47;157;19;5.13;287
338;14;male;37;152;16;5.41;330
339;14;male;38;160;15;5.41;385
340;14;male;57;180;18;5.8;440
341;14;male;54;173;18;5.26;344
342;15;male;37;155;15;5.8;333
343;14;male;56;175;18;5.56;348
344;15;female;52;157;21;5.19;203
345;13;male;34;146;16;5.68;330
346;14;female;48;153;21;5.38;264
347;13;male;54;169;19;5.43;250
348;13;male;44;153;19;5.21;281
349;13;male;40;154;17;5.81;330
350;13;female;37;155;15;5.05;213
351;12;male;42;140;21;4.72;222
352;13;male;26;145;12;5.62;308
353;12;male;50;162;19;5.75;282
354;13;male;41;157;17;6.25;332
355;12;female;33;146;15;4.95;180
356;12;male;38;150;17;5.43;300
357;13;male;42;155;17;5.05;207
358;13;male;31;145;15;5.62;245
359;12;male;35;146;16;5.95;262
360;12;female;43;155;18;5.1;196
361;12;female;41;150;18;5.15;206
362;12;male;30;143;15;5.88;254
363;12;male;39;157;16;5.95;375
364;13;female;39;156;16;5.43;344
365;14;male;38;155;16;6.1;296
366;16;male;51;163;19;5.26;311
367;15;male;66;170;23;6.33;330
368;15;male;43;162;16;6.02;350
369;14;female;50;160;20;5.38;280
370;15;male;73;169;26;5.21;300
371;12;male;30;138;16;6.17;321
372;13;male;50;155;21;5.1;350
373;14;female;58;162;22;5.21;221
374;15;male;96;186;28;6.49;393
375;13;female;45;156;18;5.19;246
376;13;female;63;164;23;5.13;310
377;12;male;31;145;15;4.49;292
378;13;male;37;152;16;5.97;360
379;13;male;35;154;15;5.63;404
380;12;male;36;153;15;5.41;300
381;12;female;34;149;15;4.76;215
382;12;male;42;160;16;5.8;386
383;12;male;64;170;22;5.13;330
384;12;female;46;164;17;5.8;330
385;13;female;32;145;15;4.94;230
386;12;male;40;153;17;5.13;230
387;13;male;33;154;14;5.0;260
388;13;male;51;166;19;5.0;346
389;16;male;56;186;16;5.8;420
390;17;male;50;176;16;5.63;370
391;15;male;50;171;17;6.06;420
392;14;male;59;169;21;6.25;340
393;14;male;60;170;21;5.41;305
394;14;male;52;170;18;6.15;408
395;14;male;38;161;15;5.19;360
396;15;female;50;153;21;5.06;222
397;14;female;55;164;20;4.35;232
398;14;male;33;144;16;5.48;335
399;15;female;56;154;24;3.92;220
400;12;male;35;140;18;4.76;322
401;12;female;60;165;22;4.71;270
402;13;male;40;156;16;5.19;354
403;12;female;37;151;16;5.26;240
404;12;female;37;150;16;4.35;170
405;13;male;35;158;14;5.06;284
406;12;female;53;169;19;4.35;260
407;13;female;47;164;17;5.05;293
408;13;male;49;160;19;5.88;252
409;14;female;45;158;18;6.1;313
410;13;male;35;159;14;5.81;280
411;14;female;54;160;21;4.95;160
412;13;male;63;173;21;5.95;320
413;13;male;46;169;16;5.32;340
414;13;female;47;159;19;4.76;175
415;13;female;40;154;17;5.43;260
416;12;female;67;156;28;5.1;190
417;13;male;35;150;16;5.62;330
418;12;female;31;137;17;5.15;170
419;12;male;35;142;17;5.81;344
420;12;female;32;152;14;4.39;160
421;12;male;36;156;15;5.49;322
422;12;male;43;156;18;5.63;346
423;12;male;30;146;14;5.75;267
424;12;female;37;150;16;5.95;323
425;13;male;36;151;16;4.76;240
426;12;male;42;163;16;4.85;250
427;12;female;43;151;19;4.76;250
428;12;male;51;160;20;4.95;283
429;12;male;38;159;15;5.75;345
430;15;male;43;167;15;5.48;330
431;15;male;56;176;18;5.81;410
432;15;male;53;179;17;6.94;413
433;15;male;59;166;21;7.58;350
434;15;male;52;175;17;6.58;473
435;14;female;39;154;16;5.68;237
436;14;male;52;175;17;6.1;370
437;13;male;74;169;26;4.46;230
438;14;female;39;155;16;4.72;280
439;13;female;64;153;27;4.46;180
440;14;female;47;157;19;5.21;170
441;14;male;39;135;21;4.76;298
442;13;male;49;170;17;4.88;380
443;13;male;40;155;17;5.56;300
444;13;female;46;160;18;5.06;200
445;13;female;52;160;20;5.48;250
446;13;male;41;155;17;4.88;365
447;12;female;39;145;19;5.26;180
448;12;female;31;145;15;5.13;280
449;12;male;50;153;21;4.94;250
450;13;male;34;145;16;5.97;260
451;12;female;39;145;19;6.25;180
452;12;male;56;170;19;5.71;265
453;12;female;50;161;19;4.6;180
454;12;male;57;175;19;5.19;280
455;12;female;39;145;19;4.76;285
456;12;female;47;150;21;4.55;260
457;15;male;65;168;23;4.4;200
458;15;male;53;175;17;6.15;440
459;15;male;58;181;18;6.45;525
460;14;male;49;175;16;5.48;310
461;15;female;65;160;25;4.88;200
462;14;male;50;160;20;5.71;340
463;14;female;56;161;22;4.65;255
464;14;male;35;146;16;5.19;260
465;14;male;59;175;19;5.26;325
466;14;male;50;170;17;5.63;368
467;14;female;56;160;22;4.17;170
468;14;female;48;160;19;5.13;260
469;12;female;35;153;15;6.25;190
470;12;male;35;150;16;5.56;315
471;13;male;41;160;16;5.26;380
472;12;female;39;155;16;5.26;215
473;13;male;56;170;19;6.41;318
474;13;male;36;155;15;5.88;350
475;13;male;29;140;15;5.81;290
476;13;male;39;160;15;5.21;246
477;13;male;54;165;20;4.85;270
478;13;male;33;155;14;5.56;330
479;13;male;37;147;17;5.43;307
480;13;male;38;145;18;6.02;345
481;12;male;39;154;16;5.26;306
482;12;female;45;155;19;5.26;280
483;12;female;55;151;24;4.76;220
484;13;female;53;165;19;5.81;270
485;12;female;41;155;17;5.00;205
486;12;female;52;151;23;5.81;350
487;13;female;42;160;16;5.62;260
488;12;male;32;152;14;5.26;313
489;12;female;41;154;17;5.81;285
490;12;female;32;148;15;5.75;200
491;12;male;33;150;15;5.43;205
492;13;male;39;161;15;6.17;347
493;13;male;43;156;18;5.68;320
494;13;male;47;162;18;5.75;340
495;12;male;32;162;12;6.17;320
496;12;male;37;155;15;5.32;314
497;15;male;55;170;19;7.04;346
498;17;female;49;159;19;6.02;160
499;15;male;39;150;17;5.75;327
500;16;female;62;174;20;5.81;252
501;15;male;55;170;19;6.49;285
502;16;female;44;154;19;5.68;233
503;14;male;50;168;18;6.67;460
504;14;male;61;175;20;5.81;322
505;15;female;52;166;19;5.68;240
506;14;male;46;165;17;5.95;288
507;14;male;72;168;26;6.1;267
508;14;male;46;164;17;6.33;390
509;13;male;33;145;16;4.9;263
510;13;male;41;161;16;6.02;287
511;13;female;53;168;19;4.46;204
512;13;female;70;160;27;4.17;205
513;13;male;38;157;15;5.43;320
514;13;male;39;150;17;5.21;243
515;12;female;53;160;21;4.85;190
516;13;male;60;153;26;4.39;270
517;12;female;39;156;16;5.26;253
518;12;male;48;155;20;5.75;240
519;13;female;41;160;16;5.05;260
520;12;male;33;142;16;5.88;290
521;12;male;52;162;20;6.33;265
522;12;female;44;169;15;6.1;310
523;13;male;40;156;16;4.78;216
524;12;female;33;151;14;4.59;180
525;12;female;38;144;18;5.95;350
526;12;male;35;150;16;4.9;246
527;13;female;47;161;18;5.95;262
528;12;female;43;151;19;6.1;306
529;14;male;37;148;17;5.88;315
530;14;male;48;165;18;8.06;500
531;16;female;52;164;19;5.21;284
532;15;male;56;161;22;5.62;260
533;15;male;78;169;27;5.1;237
534;15;male;50;168;18;6.58;470
535;14;male;60;158;24;4.9;243
536;15;male;55;170;19;6.58;370
537;14;male;38;152;16;6.17;300
538;14;male;60;171;21;6.1;322
539;14;female;58;163;22;5.49;292
540;14;male;41;161;16;5.43;323
541;14;female;60;162;23;5.68;260
542;16;male;46;158;18;5.68;350
543;14;male;45;162;17;5.62;266
544;13;female;48;155;20;4.95;204
545;13;female;66;166;24;5.32;162
546;13;male;52;168;18;6.58;387
547;13;female;38;154;16;6.85;235
548;14;female;53;153;23;4.2;210
549;13;female;44;154;19;4.63;185
550;13;male;38;156;16;6.41;380
551;13;female;53;169;19;4.2;238
552;13;male;34;143;17;5.1;250
553;13;male;54;168;19;6.1;340
554;14;female;45;158;18;5.1;320
555;13;male;38;158;15;5.88;340
556;13;female;50;165;18;5.43;265
557;13;male;38;155;16;5.32;255
558;15;female;55;160;21;4.76;160
559;13;male;51;170;18;6.17;323
560;13;male;56;160;22;5.75;310
561;13;female;42;150;19;5.38;225
562;13;female;45;160;18;5.49;320
563;13;female;44;150;20;4.95;180
564;13;female;48;153;21;4.55;230
565;13;female;49;163;18;5.49;224
566;13;female;43;155;18;5.38;290
567;13;male;63;162;24;5.32;295
568;13;female;46;155;19;5.81;235
569;13;female;63;159;25;5.21;268
570;13;male;48;162;18;6.1;280
571;13;female;60;176;19;5.81;270
572;13;female;49;162;19;6.1;290
573;13;female;38;155;16;5.95;270
574;13;male;41;160;16;5.75;365
575;13;male;49;165;18;6.85;405
576;13;female;58;163;22;5.43;185
577;13;female;46;163;17;5.1;256
578;13;female;41;148;19;4.9;258
579;15;female;54;154;23;4.85;225
580;13;male;52;174;17;6.49;410
581;16;male;52;184;15;6.41;465
582;14;female;52;166;19;5.43;210
583;14;male;61;171;21;5.75;312
584;14;female;45;166;16;4.95;170
585;13;male;37;155;15;5.95;347
586;13;female;48;174;16;4.94;185
587;14;male;49;172;17;6.49;348
588;13;male;34;154;14;5.49;252
589;13;female;53;164;20;6.12;270
590;13;male;43;168;15;5.97;340
591;13;female;45;155;19;5.03;230
592;13;female;39;159;15;5.27;290
593;13;female;39;159;15;6.17;360
594;13;female;31;151;14;5.02;210
595;13;female;46;153;20;5.35;260
596;13;female;44;151;19;4.81;250
597;13;female;67;170;23;4.9;263
598;14;female;53;163;20;5.46;270
599;13;female;79;165;29;5.43;260
600;13;male;50;165;18;6.00;380
601;13;male;42;165;15;5.84;330
602;13;female;44;160;17;5.43;195
603;14;male;51;165;19;6.28;420
604;13;female;44;159;17;5.9;340
605;13;female;39;150;17;4.59;250
606;13;male;55;162;21;6.33;370
607;13;female;32;147;15;5.15;170
608;13;female;53;165;19;5.26;230
609;13;female;35;153;15;5.75;330
610;13;female;60;164;22;4.89;240
611;13;male;40;156;16;5.81;300
612;13;female;36;147;17;5.26;300
613;14;male;54;175;18;6.17;320
614;14;female;63;175;21;4.17;320
615;13;male;39;155;16;5.85;360
616;14;female;49;163;18;5.05;300
617;14;female;50;158;20;4.76;215
618;14;female;44;165;16;4.39;195
619;14;female;42;165;15;4.5;230
620;14;female;54;155;22;5.66;260
621;13;male;78;160;30;4.86;200
622;14;male;50;163;19;6.79;420
623;13;male;52;161;20;5.36;200
624;13;male;46;155;19;5.75;360
625;14;female;36;150;16;5.21;245
626;13;female;39;145;19;5.43;250
627;13;male;47;165;17;5.88;230
628;13;female;52;158;21;5.56;180
629;13;female;37;155;15;4.95;185
630;13;male;36;149;16;6.1;310
631;13;female;58;163;22;5.43;300
632;14;male;35;145;17;5.81;300
633;13;male;35;150;16;6.17;348
634;13;female;44;159;17;5.62;261
635;13;female;55;160;21;5.62;277
636;13;male;31;141;16;4.81;280
637;13;female;44;156;18;5.15;270
638;13;male;40;158;16;6.02;305
639;14;female;42;170;15;5.43;250
640;13;male;40;155;17;6.1;310
641;17;male;57;165;21;5.75;306
642;18;male;51;165;19;6.58;400
643;18;female;48;171;16;5.38;232
644;16;male;47;165;17;6.17;300
645;18;male;59;185;17;6.94;450
646;15;male;46;170;16;5.49;300
647;15;male;47;165;17;6.67;400
648;15;male;51;168;18;6.1;340
649;15;female;47;162;18;5.21;234
650;15;male;43;158;17;6.17;382
651;15;male;48;174;16;6.33;364
652;14;male;49;164;18;6.94;400
653;14;male;53;160;21;5.62;280
654;14;male;39;165;14;6.1;360
655;14;female;52;172;18;4.59;280
656;14;female;59;165;22;5.56;300
657;14;male;42;161;16;6.1;367
658;15;female;59;164;22;5.88;328
659;17;female;79;175;26;5.56;310
660;13;female;57;160;22;5.62;217
661;13;female;66;175;22;5.15;175
662;13;female;48;155;20;5.32;207
663;13;female;50;164;19;5.38;225
664;13;male;40;148;18;6.49;350
665;13;female;42;155;17;4.81;285
666;13;male;31;142;15;5.43;310
667;13;male;39;140;20;4.95;320
668;13;male;57;160;22;5.05;306
669;13;male;49;165;18;6.33;352
670;13;male;39;150;17;5.21;286
671;13;female;51;155;21;5.32;195
672;13;male;43;155;18;6.41;395
673;13;male;45;155;19;4.85;270
674;13;male;46;160;18;6.17;290
675;13;male;54;161;21;5.62;290
676;18;male;66;174;22;7.25;460
677;17;male;72;180;22;6.85;262
678;16;female;54;160;21;5.49;244
679;15;female;56;165;21;5.15;213
680;15;male;67;190;19;7.04;500
681;15;female;49;160;19;5.00;200
682;15;male;41;145;20;6.1;340
683;15;male;63;174;21;5.75;345
684;14;female;54;170;19;5.15;214
685;14;male;62;184;18;6.58;403
686;14;female;53;160;21;4.9;170
687;14;male;48;155;20;6.1;348
688;14;male;44;153;19;5.88;336
689;14;female;43;160;17;5.1;180
690;14;male;43;162;16;6.67;425
691;15;male;55;176;18;7.25;400
692;14;male;46;159;18;6.02;394
693;15;female;46;155;19;5.1;221
694;14;female;42;164;16;4.81;249
695;13;female;48;170;17;5.49;300
696;13;male;54;168;19;5.95;319
697;13;male;45;155;19;5.21;320
698;13;male;39;155;16;4.95;345
699;13;female;62;170;21;5.95;362
700;13;male;51;170;18;5.95;443
701;13;male;38;155;16;5.62;288
702;13;female;40;158;16;5.05;235
703;13;female;46;163;17;4.46;230
704;14;female;52;161;20;4.95;346
705;13;female;54;158;22;4.9;289
706;13;female;45;157;18;5.1;265
707;13;female;42;158;17;4.85;319
708;17;male;64;168;23;6.76;360
709;15;male;38;160;15;5.68;370
710;16;male;49;167;18;6.02;400
711;14;male;57;167;20;5.32;294
712;15;male;57;170;20;6.02;389
713;15;male;44;160;17;6.33;415
714;14;female;50;165;18;5.49;330
715;14;male;63;166;23;5.49;349
716;14;female;68;165;25;4.95;229
717;14;female;52;159;21;6.17;369
718;14;male;52;165;19;6.33;431
719;14;male;55;147;25;5.00;340
720;15;male;42;159;17;5.43;371
721;15;male;46;165;17;6.76;370
722;13;male;33;151;14;5.38;370
723;13;female;59;157;24;5.15;245
724;13;female;48;155;20;4.76;210
725;13;male;48;168;17;5.81;330
726;13;female;35;147;16;4.39;225
727;13;female;48;158;19;5.00;260
728;13;female;66;161;25;3.65;187
729;13;male;45;173;15;5.32;280
730;13;male;47;160;18;5.88;335
731;13;female;52;160;20;5.1;265
732;13;male;39;153;17;6.1;387
733;13;male;47;162;18;5.38;303
734;13;female;45;146;21;4.00;200
735;13;male;37;154;16;5.00;250
736;15;male;49;169;17;5.88;380
737;16;male;48;172;16;6.58;393
738;16;male;76;181;23;6.35;460
739;16;male;53;172;18;6.94;450
740;15;male;51;174;17;6.25;343
741;15;female;80;160;31;3.88;168
742;15;male;57;163;21;6.85;417
743;15;male;53;172;18;5.05;364
744;15;female;43;155;18;5.15;227
745;14;female;52;160;20;5.26;236
746;14;male;37;145;18;4.72;268
747;14;male;37;150;16;5.56;318
748;14;male;40;155;17;5.43;358
749;14;male;43;165;16;5.56;280
750;14;female;49;157;20;5.49;198
751;13;male;43;166;16;5.56;340
752;16;male;60;180;19;5.43;330
753;15;female;52;157;21;5.05;214
754;17;male;59;180;18;5.8;433
755;13;male;37;153;16;5.43;308
756;13;female;59;165;22;5.38;300
757;13;male;40;157;16;5.05;360
758;13;female;47;167;17;4.76;205
759;13;male;39;155;16;5.49;345
760;13;female;53;155;22;5.26;205
761;14;male;38;155;16;4.55;267
762;13;female;43;148;20;4.81;202
763;13;female;32;155;13;4.59;202
764;13;male;50;160;20;5.38;400
765;13;female;40;163;15;5.00;320
766;15;male;43;155;18;5.26;308
767;14;male;42;154;18;5.05;340
768;14;female;42;156;17;4.9;244
769;14;female;44;151;19;4.9;188
770;14;male;44;156;18;4.76;360
771;14;female;57;150;25;5.15;235
772;14;female;56;152;24;4.17;215
773;14;female;47;160;18;4.85;192
774;14;male;34;150;15;5.26;325
775;15;male;39;154;16;4.9;320
776;14;female;49;155;20;5.43;292
777;14;male;39;160;15;5.05;373
778;16;male;64;180;20;4.9;393
779;16;female;53;164;20;4.72;170
780;14;male;63;175;21;7.14;480
781;13;female;53;163;20;5.1;190
782;13;male;44;160;17;5.75;320
783;13;male;43;162;16;5.81;350
784;13;male;54;165;20;6.02;260
785;13;female;54;163;20;5.05;230
786;13;male;49;165;18;4.81;190
787;13;female;46;155;19;4.55;170
788;13;male;43;163;16;5.38;350
789;13;female;51;170;18;5.21;330
790;13;female;49;150;22;5.43;170
791;14;female;55;163;21;4.81;260
792;13;male;42;157;17;6.76;390
793;13;male;45;155;19;6.1;250
794;13;male;70;165;26;4.67;180
795;13;male;52;164;19;5.88;390
796;13;female;50;160;20;5.75;280
797;15;female;54;155;22;4.72;250
798;15;male;72;171;25;6.17;440
799;16;male;52;175;17;5.43;420
800;15;male;57;170;20;6.41;400
801;15;male;60;166;22;5.43;250
802;16;male;60;174;20;6.17;390
803;15;male;59;181;18;6.67;460
804;14;female;45;151;20;5.56;230
805;15;female;61;163;23;5.15;250
806;14;male;46;146;22;6.49;400
807;14;female;50;170;17;5.15;225
808;14;male;68;175;22;5.32;330
809;14;male;66;181;20;5.95;330
810;14;male;66;160;26;4.17;230
811;14;male;64;175;21;5.95;310
812;14;female;67;165;25;5.26;210
813;14;female;50;150;22;5.15;250
814;14;female;55;165;20;5.00;300
815;14;male;32;145;15;5.21;350
816;14;female;46;155;19;5.21;230
817;14;female;58;169;20;4.85;190
818;14;male;53;166;19;6.25;430
819;14;female;41;160;16;5.43;230
820;15;male;52;172;18;6.02;400
821;15;female;60;166;22;4.35;200
822;14;male;53;160;21;5.81;340
823;14;male;40;155;17;5.75;330
824;14;male;37;168;13;5.81;400
825;14;female;75;167;27;4.67;212
826;14;female;61;155;25;5.00;200
827;14;male;45;160;18;5.75;430
828;14;female;45;162;17;4.88;280
829;14;female;42;163;16;5.15;207
830;14;female;47;160;18;5.26;260
831;14;male;50;160;20;5.75;347
832;14;female;56;153;24;3.94;187
833;14;male;40;164;15;5.1;340
834;14;female;65;173;22;4.81;254
835;14;female;45;162;17;5.1;216
836;14;female;40;158;16;5.15;210
837;15;male;70;190;19;6.58;470
838;14;male;53;152;23;5.68;360
839;14;female;48;155;20;5.68;280
840;14;female;46;165;17;5.81;350
841;14;male;54;176;17;6.25;340
842;14;female;74;162;28;5.56;250
843;14;male;50;160;20;5.81;270
844;15;female;65;168;23;5.68;310
845;15;male;46;160;18;5.81;420
846;14;female;73;175;24;5.00;196
847;14;female;57;164;21;6.02;330
848;14;female;54;146;25;5.21;270
849;15;female;47;155;20;4.85;260
850;14;female;45;155;19;5.00;220
851;14;female;54;150;24;5.05;320
852;15;female;50;162;19;4.17;170
853;14;male;66;180;20;5.88;380
854;14;male;58;175;19;6.94;520
855;15;male;80;175;26;6.1;360
856;14;female;42;160;16;5.26;270
857;14;female;50;160;20;5.26;360
858;14;female;58;157;24;4.76;190
859;14;male;42;163;16;5.26;344
860;14;female;45;150;20;4.67;180
861;14;male;48;165;18;6.49;480
862;14;male;50;167;18;5.68;420
863;14;female;42;160;16;5.05;270
864;14;female;58;160;23;5.05;250
865;14;female;55;160;21;5.62;270
866;14;female;42;155;17;5.15;280
867;14;female;51;165;19;4.85;268
868;14;female;66;165;24;5.26;250
869;14;female;45;150;20;5.43;250
870;15;male;59;180;18;5.88;280
871;14;female;53;160;21;5.05;236
872;15;male;52;170;18;6.58;480
873;15;male;53;167;19;5.75;426
874;14;male;47;165;17;6.25;450
875;14;female;58;161;22;4.85;190
876;14;male;55;165;20;6.33;380
877;14;male;40;157;16;4.76;360
878;16;male;49;160;19;6.02;390
879;14;female;54;163;20;5.32;300
880;15;male;45;164;17;6.02;440
881;14;male;43;165;16;5.68;460
882;15;female;53;160;21;4.67;220
883;15;female;51;160;20;4.59;330
884;16;male;91;183;27;6.17;380
885;14;female;45;159;18;5.1;290
886;14;female;41;150;18;4.5;220
887;14;male;54;173;18;5.88;420
888;14;female;40;150;18;4.67;200
889;14;male;50;175;16;6.58;520
890;14;female;52;156;21;5.15;280
891;15;male;53;165;19;5.81;420
892;14;female;60;166;22;4.85;260
893;15;female;58;165;21;5.38;210
894;14;male;41;160;16;5.68;410
895;14;male;42;170;15;5.21;335
896;14;male;43;163;16;5.81;400
897;14;female;46;163;17;4.42;250
898;14;female;53;165;19;5.15;370
899;14;female;65;165;24;4.72;170
900;15;female;52;170;18;5.32;175
901;14;male;34;150;15;4.46;285
902;16;female;47;153;20;4.81;240
903;16;female;46;165;17;4.39;230
904;17;male;56;165;21;6.76;460
905;16;male;62;175;20;6.25;430
906;17;female;52;163;20;5.32;210
907;16;female;51;160;20;3.85;200
908;18;male;51;172;17;6.58;456
909;18;male;54;182;16;7.04;490
910;16;female;44;177;14;4.59;206
911;17;male;61;185;18;6.41;501
912;17;male;49;175;16;6.58;502
913;17;male;57;173;19;6.41;480
914;15;female;42;155;17;5.21;215
915;16;female;49;165;18;4.81;250
916;15;male;42;165;15;6.02;352
917;16;female;55;163;21;4.67;208
918;16;female;56;158;22;4.72;220
919;15;male;65;169;23;5.81;316
920;15;male;52;170;18;6.02;347
921;16;female;67;166;24;4.67;210
922;15;male;40;160;16;5.81;322
923;14;male;52;164;19;5.75;373
924;14;male;40;165;15;5.62;290
925;14;female;72;165;26;4.76;229
926;14;male;42;160;16;5.56;257
927;14;male;53;170;18;6.17;390
928;14;female;44;165;16;5.75;238
929;14;female;49;157;20;4.35;243
930;14;male;35;145;17;5.05;350
931;14;female;55;165;20;5.26;270
932;14;female;59;158;24;4.55;195
933;14;female;63;167;23;4.55;206
934;14;female;72;170;25;4.24;206
935;14;female;47;160;18;4.76;259
936;14;female;37;154;16;5.00;225
937;15;male;54;175;18;5.15;385
938;15;female;48;160;19;5.21;215
939;17;male;61;180;19;6.58;480
940;16;male;59;190;16;6.67;440
941;16;male;68;185;20;6.49;425
942;16;female;52;160;20;5.05;215
943;14;male;49;160;19;5.43;300
944;17;male;60;175;20;6.33;430
945;16;male;55;168;19;5.32;315
946;16;male;66;177;21;6.58;320
947;16;male;60;170;21;6.49;390
948;18;male;61;182;18;7.25;500
949;16;male;53;175;17;6.58;475
950;17;male;50;175;16;5.68;446
951;17;female;44;158;18;5.32;345
952;15;female;56;175;18;5.15;335
953;16;female;56;165;21;4.9;280
954;15;female;65;160;25;5.21;295
955;15;male;46;160;18;6.76;400
956;15;male;41;160;16;5.95;360
957;16;female;47;160;18;5.43;250
958;16;female;62;158;25;4.67;210
959;15;male;61;179;19;6.1;340
960;15;female;48;160;19;5.21;171
961;15;female;74;174;24;5.49;255
962;15;female;66;160;26;4.42;200
963;14;male;53;175;17;6.49;470
964;15;female;49;161;19;5.1;240
965;14;male;61;160;24;5.00;241
966;14;female;38;150;17;4.85;170
967;14;male;41;160;16;5.75;350
968;14;female;53;158;21;4.85;240
969;14;male;70;165;26;5.1;311
970;17;male;59;180;18;6.85;465
971;15;male;58;170;20;6.33;380
972;15;female;47;150;21;5.38;255
973;15;female;58;160;23;5.15;270
974;14;male;54;175;18;6.41;430
975;16;female;55;166;20;4.76;220
976;15;female;54;158;22;5.26;330
977;17;female;56;162;21;5.38;280
978;16;female;75;170;26;4.95;220
979;15;female;57;155;24;5.26;280
980;17;male;52;175;17;6.49;460
981;16;male;64;168;23;6.41;340
982;16;female;48;162;18;5.62;270
983;18;female;63;172;21;4.85;190
984;17;male;75;175;24;6.85;410
985;16;male;67;170;23;6.67;390
986;18;female;50;155;21;6.02;300
987;16;female;63;158;25;5.26;290
988;15;female;51;165;19;5.43;330
989;15;female;49;170;17;4.39;190
990;16;male;59;175;19;6.02;360
991;16;female;51;160;20;4.95;250
992;15;female;51;168;18;5.1;260
993;15;male;53;176;17;6.33;280
994;16;male;54;168;19;6.85;410
995;16;male;64;180;20;6.33;340
996;16;male;69;170;24;6.1;440
997;15;female;53;160;21;4.63;210
998;15;female;50;165;18;5.32;220
999;15;female;58;165;21;5.81;220
1000;16;female;68;155;28;4.31;190
1001;15;female;41;155;17;4.85;180
1002;14;female;39;150;17;5.32;220
1003;14;female;56;165;21;4.76;210
1004;19;female;48;162;18;4.85;260
1005;14;female;44;162;17;4.72;180
1006;14;male;46;160;18;6.41;370
1007;14;male;61;181;19;7.04;440
1008;14;female;44;155;18;4.85;340
1009;14;male;44;155;18;6.02;350
1010;14;male;48;157;19;6.49;390
1011;15;female;49;155;20;4.9;170
1012;15;male;43;155;18;6.41;400
1013;12;female;59;156;24;4.85;190
1014;17;female;47;157;19;5.43;260
1015;16;male;67;180;21;6.92;460
1016;16;female;71;160;28;4.81;175
1017;16;male;50.5;180;16;6.67;480
1018;16;male;52;172;18;5.88;450
1019;14;female;56;156;23;5.2;313
1020;16;female;40;154;17;5.2;307
1021;13;male;46;157;19;5.7;303
1022;14;female;58;162;22;4.3;221
1023;13;male;31;145;15;5.1;297
1024;18;male;53;166;19;6.3;375
1025;17;male;51;167;18;6.00;374
1026;15;male;51;165;19;6.3;405
1027;17;female;51;164;19;5.6;345
1028;15;male;51;175;17;6.4;404
1029;15;female;57;158;23;5.3;263
1030;16;male;52;177;17;6.7;460
1031;15;male;54;175;18;5.4;350
1032;15;male;45;165;17;6.1;409
1033;14;female;40;157;16;4.8;272
1034;16;male;44;173;15;5.4;352
1035;14;female;45;157;18;4.7;276
1036;13;male;39;150;17;6.00;391
1037;13;male;33;155;14;5.7;320
1038;13;female;44;156;18;5.6;280
1039;13;female;48;158;19;5.1;288
1040;13;female;47;158;19;5.7;292
1041;13;male;37;146;17;5.4;331
1042;14;female;45;157;18;5.2;276
1043;13;female;46;158;18;6.3;367
1044;14;male;47;155;19;5.4;362
1045;16;male;58;167;21;6.1;410
1046;16;male;58;164;22;6.00;397
1047;16;male;45;161;17;5.6;390
1048;15;male;38;156;16;5.6;371
1049;14;female;36;157;15;5.1;270
1050;15;female;48;165;18;4.8;258
1051;14;female;50;162;19;5.4;215
1052;14;male;43;160;17;6.2;362
1053;14;female;47;169;16;5.4;246
1054;15;female;54;165;20;5.1;207
1055;14;male;35;152;15;4.9;305
1056;14;male;37;153;16;5.8;333
1057;14;male;42;150;19;5.4;345
1058;14;female;53;162;20;4.8;271
1059;14;male;44;156;18;5.4;350
1060;13;female;43;165;16;5.4;224
1061;13;female;37;154;16;5.00;296
1062;13;male;43;160;17;5.4;374
1063;15;female;59;166;21;4.8;273
1064;13;female;45;168;16;5.5;306
1065;13;female;41;160;16;5.5;199
1066;13;female;42;168;15;5.00;248
1067;13;male;40;158;16;5.6;342
1068;14;male;38;159;15;6.00;410
1069;14;female;58;154;24;4.8;230
1070;15;female;57;170;20;4.3;182
1071;15;male;54;163;20;5.9;334
1072;14;male;53;167;19;5.1;293
1073;14;male;52;160;20;5.7;279
1074;15;female;35;158;14;5.2;288
1075;14;male;47;159;19;5.4;287
1076;14;male;66;166;24;5.5;345
1077;15;female;59;163;22;4.8;245
1078;14;male;40;156;16;5.9;320
1079;14;female;69;171;24;5.1;280
1080;14;female;58;158;23;5.2;235
1081;13;female;46;166;17;4.6;203
1082;13;male;40;155;17;5.3;314
1083;13;female;45;165;17;5.2;304
1084;13;female;42;155;18;5.00;241
1085;13;female;38;157;15;4.6;195
1086;13;male;49;162;18;5.4;285
1087;13;female;40;156;16;5.3;283
1088;13;female;34;153;15;5.1;293
1089;13;male;40;158;16;6.00;387
1090;13;female;35;149;16;4.8;317
1091;14;male;56;157;23;5.4;346
1092;13;female;50;167;18;4.8;204
1093;13;male;55;177;18;5.6;300
1094;15;female;49;165;18;5.1;242
1095;16;male;79;177;25;5.9;343
1096;16;female;48;158;19;4.5;196
1097;16;male;49;170;17;5.00;420
1098;15;male;72;177;23;6.5;479
1099;17;male;58;182;18;6.9;500
1100;17;male;45;159;18;5.3;353
1101;15;male;64;178;20;4.9;309
1102;15;female;57;166;21;5.00;227
1103;15;male;45;167;16;6.2;368
1104;14;male;44;160;17;5.9;365
1105;14;male;41;155;17;6.2;347
1106;15;female;55;161;21;4.3;224
1107;15;female;63;162;24;4.7;172
1108;15;male;53;171;18;6.4;400
1109;14;male;66;175;22;5.8;373
1110;14;female;50;163;19;5.4;256
1111;14;female;47;167;17;4.8;197
1112;14;female;37;152;16;5.00;220
1113;14;female;52;150;23;4.8;185
1114;13;female;38;155;16;5.7;312
1115;13;male;49;170;17;5.4;400
1116;13;male;43;159;17;5.1;351
1117;13;female;76;161;29;5.4;222
1118;18;female;46;164;17;5.00;301
1119;13;female;56;156;23;4.7;198
1120;13;male;60;161;23;5.3;282
1121;13;female;47;164;17;5.00;265
1122;13;female;51;164;19;4.7;210
1123;14;female;48;156;20;4.8;192
1124;15;male;58;180;18;6.3;380
1125;15;male;53;175;17;6.3;364
1126;14;female;72;168;26;4.3;168
1127;14;female;39;147;18;5.2;197
1128;14;female;52;163;20;5.4;301
1129;14;male;56;181;17;6.9;444
1130;15;male;52;169;18;5.4;449
1131;14;female;64;183;19;5.6;283
1132;15;male;62;178;20;6.5;360
1133;14;male;59;164;22;5.4;395
1134;14;female;58;168;21;6.00;290
1135;15;male;42;162;16;5.6;325
1136;14;female;48;168;17;5.3;282
1137;14;male;49;157;20;4.8;360
1138;15;female;58;161;22;4.8;243
1139;14;female;45;159;18;5.4;243
1140;14;female;90;180;28;6.4;258
1141;15;male;77;172;26;4.7;316
1142;14;female;57;162;22;4.7;250
1143;14;female;49;169;17;5.8;320
1144;14;male;41;161;16;5.8;370
1145;15;female;47;151;21;5.2;220
1146;14;female;46;161;18;4.5;216
1147;15;female;43;160;17;5.1;230
1148;15;female;62;158;25;4.8;210
1149;14;female;49;170;17;5.4;280
1150;14;female;42;157;17;5.3;235
1151;14;female;57;165;21;5.1;196
1152;14;female;44;156;18;5.1;278
1153;14;male;47;171;16;6.5;467
1154;15;female;47;170;16;5.3;306
1155;15;male;54;166;20;7.1;376
1156;14;female;43;171;15;5.3;263
1157;14;female;47;156;19;5.8;303
1158;15;male;61;180;19;6.3;405
1159;15;male;46;168;16;5.8;340
1160;16;female;46;164;17;5.1;284
1161;15;male;53;171;18;5.9;350
1162;14;female;44;159;18;5.1;242
1163;14;male;49;176;16;6.3;434
1164;15;female;65;173;22;5.8;368
1165;14;male;38;155;16;5.9;352
1166;14;male;62;169;22;5.8;386
1167;14;female;59;163;22;4.8;205
1168;14;female;51;158;20;5.1;240
1169;14;female;52;164;19;6.00;366
1170;14;male;64;179;20;5.8;341
1171;14;male;49;170;17;4.8;365
1172;15;female;50;165;18;4.3;270
1173;14;female;50;155;21;4.3;180
1174;17;female;71;162;27;5.9;345
1175;14;female;42;150;19;5.1;210
1176;15;female;62;164;23;5.7;363
1177;15;female;60;167;22;5.1;205
1178;14;male;49;173;16;6.9;467
1179;14;female;50;164;19;5.1;203
1180;15;male;61;178;19;6.9;458
1181;16;male;45;171;15;5.7;350
1182;16;male;47;168;17;5.7;364
1183;15;female;52;163;20;4.3;190
1184;15;female;43;150;19;5.00;276
1185;15;male;60;178;19;5.5;383
1186;16;male;60;178;19;6.8;440
1187;16;male;50;164;19;7.00;445
1188;15;female;47;165;17;5.3;320
1189;18;male;56;168;20;5.7;370
1190;17;male;40;151;18;5.7;375
1191;15;female;57;172;19;5.4;315
1192;16;male;75;181;23;6.4;453
1193;16;female;52;155;22;4.9;295
1194;15;female;43;177;14;5.3;305
1195;16;female;72;165;26;6.3;335
1196;19;female;54;163;20;6.3;343
1197;15;female;62;161;24;5.1;236
1198;16;female;45;166;16;5.3;327
1199;16;male;44;160;17;5.8;390
1200;17;male;55;170;19;6.4;415
1201;14;male;49;167;18;5.9;357
1202;14;male;45;165;17;5.9;368
1203;15;male;45;171;15;5.8;366
1204;14;female;63;165;23;5.4;276
1205;14;female;67;162;26;4.6;218
1206;14;female;53;163;20;5.00;230
1207;14;female;44;159;17;5.4;253
1208;14;female;64;155;27;5.1;230
1209;16;female;47;160;18;5.7;279
1210;16;male;59;170;20;6.7;500
1211;17;male;44;164;17;6.5;458
1212;15;female;69;168;24;5.4;274
1213;15;female;54;161;21;4.3;267
1214;17;male;49;165;18;6.1;402
1215;15;female;59;165;22;5.1;257
1216;16;male;60;177;19;6.1;448
1217;15;female;58;170;20;5.3;270
1218;16;female;50;161;19;5.7;330
1219;16;male;54;171;18;5.9;438
1220;16;female;54;164;20;4.9;235
1221;15;male;58;174;19;5.8;433
1222;17;male;61;173;21;6.4;460
1223;15;female;51;168;18;4.9;240
1224;14;female;48;168;17;4.3;270
1225;14;female;43;162;16;5.2;342
1226;15;male;47;170;16;6.4;495
1227;16;female;49;161;19;4.1;235
1228;17;male;54;174;18;7.2;480
1229;17;male;53;172;18;6.2;405
1230;16;male;59;175;19;6.3;410
1231;15;male;60;180;19;7.2;507
1232;16;male;61;175;20;6.00;415
1233;15;male;49;162;19;6.8;410
1234;16;female;56;152;24;5.2;237
1235;16;male;34;152;15;6.00;376
1236;15;female;45;154;19;4.6;270
1237;15;female;45;164;17;4.9;252
1238;17;female;56;172;19;4.4;198
1239;16;female;50;161;19;5.00;296
1240;16;male;58;181;18;6.4;431
1241;16;female;61;159;24;5.3;258
1242;16;male;57;181;17;6.5;415
1243;15;male;55;172;19;6.1;392
1244;18;male;48;170;17;6.4;400
1245;18;female;49;153;21;4.6;262
1246;17;male;72;177;23;6.8;450
1247;16;female;51;164;19;4.2;231
1248;14;female;47;160;18;5.9;339
1249;15;male;40;151;18;5.5;392
1250;15;male;41;157;17;6.2;369
1251;14;male;43;155;18;6.00;331
1252;15;male;65;180;20;5.9;345
1253;14;male;44;150;20;5.6;377
1254;12;female;46;162;18;5.5;322
1255;13;male;46;164;17;5.7;329
1256;12;male;39;138;20;5.7;274
1257;12;female;36;156;15;4.4;207
1258;12;male;33;148;15;5.8;300
1259;12;male;44;154;19;6.2;356
1260;13;female;57;167;20;5.3;306
1261;13;female;38;155;16;5.5;261
1262;12;female;41;152;18;4.9;289
1263;13;male;37;158;15;5.5;354
1264;13;male;44;161;17;5.7;350
1265;12;male;77;163;29;4.5;222
1266;12;female;38;146;18;4.6;222
1267;12;female;41;156;17;5.1;254
1268;12;female;42;155;17;4.4;294
1269;12;female;29;140;15;4.7;232
1270;12;female;44;163;17;5.3;191
1271;13;female;50;166;18;5.2;228
1272;13;female;30;147;14;5.6;309
1273;12;female;56;163;21;4.8;212
1274;12;male;59;154;25;4.5;270
1275;12;male;38;146;18;5.5;231
1276;12;female;30;144;14;5.4;231
1277;12;female;43;151;19;5.7;202
1278;12;female;56;156;23;4.7;238
1279;12;female;34;152;15;6.00;180
1280;13;female;61;175;20;5.1;271
1281;12;male;35;155;15;5.5;253
1282;14;male;61;166;22;4.4;322
1283;13;male;52;170;18;5.3;338
1284;12;female;43;171;15;4.8;234
1285;12;male;33.4;144;16;4.5;177
1286;12;male;51;152;22;4.7;260
1287;13;male;49;177;16;5.7;380
1288;13;female;49;153;21;5.00;240
1289;12;male;38;154;16;6.00;366
1290;12;female;41;150;18;5.2;206
1291;12;female;55;160;21;5.2;215
1292;12;male;50;163;19;5.8;316
1293;12;male;31;149;14;4.3;252
1294;13;male;36;161;14;5.9;318
1295;13;male;50;151;22;4.8;268
1296;12;female;35;155;15;5.7;320
1297;12;female;54;168;19;4.4;242
1298;12;female;28;147;13;5.2;213
1299;12;female;40;151;18;5.3;203
1300;12;female;36;146;17;5.1;267
1301;12;female;55;168;19;5.4;326
1302;13;female;54;166;20;5.1;252
1303;12;female;73;163;27;5.2;280
1304;12;male;63;163;24;4.9;267
1305;12;male;50;158;20;5.3;329
1306;12;female;48;162;18;5.4;290
1307;12;female;47;157;19;5.5;262
1308;13;male;45;157;18;6.2;393
1309;12;female;42;148;19;4.8;200
1310;12;male;48;159;19;5.8;334
1311;12;female;50;152;22;5.6;310
1312;12;female;62;177;20;5.4;279
1313;12;female;55;161;21;4.5;215
1314;12;female;43;159;17;5.2;280
1315;13;male;50;166;18;6.7;266
1316;13;female;47;161;18;5.2;267
1317;13;female;50;157;20;4.9;240
1318;13;female;50;162;19;5.4;200
1319;13;female;34;145;16;5.7;283
1320;13;female;40;159;16;4.7;177
1321;13;female;39;159;15;5.00;178
1322;12;female;52;161;20;4.4;172
1323;12;female;45;152;19;5.4;260
1324;13;female;41;159;16;5.2;190
1325;18;female;53;154;22;4.9;280
1326;12;male;35;153;15;5.5;256
1327;13;female;40;161;15;5.2;214
1328;12;male;45;165;17;6.00;350
1329;13;female;53;162;20;5.1;200
1330;12;female;37;150;17;4.8;260
1331;12;male;53;164;20;4.3;175
1332;12;male;44;151;19;5.5;300
1333;13;male;46;162;18;5.5;307
1334;15;male;94;190;26;4.8;239
1335;15;male;45;156;18;6.3;385
1336;15;male;40;155;17;5.7;317
1337;15;male;47;160;18;6.4;359
1338;15;male;48;171;17;6.3;402
1339;14;male;36;151;16;5.5;314
1340;14;male;45;172;15;6.1;314
1341;15;male;59;170;20;6.2;389
1342;14;male;64;154;27;5.3;173
1343;13;male;34;153;15;5.5;337
1344;13;female;41;150;18;5.00;220
1345;14;male;41;158;16;6.2;416
1346;13;male;53;170;18;6.4;360
1347;13;female;51;164;19;4.5;261
1348;14;female;53;171;18;5.1;245
1349;14;male;36;152;16;5.5;325
1350;12;male;36;151;16;5.6;337
1351;12;male;36;156;15;5.8;316
1352;13;female;39;161;15;5.3;205
1353;13;female;38;152;16;5.5;264
1354;15;female;37;151;16;5.7;263
1355;17;female;44;154;19;5.0;285
1356;12;female;44;163;17;5.5;256
1357;12;female;50;157;20;6.3;206
1358;12;male;33;143;16;5.9;300
1359;13;male;31;145;15;5.7;351
1360;12;male;40;146;19;5.6;313
1361;12;male;35;147;16;5.4;323
1362;12;female;34;145;16;4.7;200
1363;13;male;32;141;16;5.4;300
1364;12;female;35;161;14;5.7;322
1365;14;male;45;166;16;6.9;424
1366;15;female;50;154;21;5.6;244
1367;14;male;35;146;16;5.2;340
1368;14;female;39;155;16;5.3;266
1369;13;male;52;157;21;4.9;343
1370;13;female;48;166;17;6.0;352
1371;13;male;35;154;15;5.4;365
1372;13;male;40;155;17;5.4;382
1373;13;male;48;158;19;5.8;390
1374;13;male;47;160;18;6.2;409
1375;12;male;49;160;19;5.3;338
1376;12;female;53;155;22;4.6;212
1377;13;female;39;150;17;4.6;235
1378;12;female;45;150;20;4.9;175
1379;12;male;42;155;17;4.6;325
1380;12;female;42;155;17;4.9;290
1381;13;female;45;150;20;4.7;217
1382;12;male;38;150;17;5.4;325
1383;12;male;48;160;19;5.5;338
1384;12;female;44;155;18;4.9;235
1385;13;female;38;145;18;4.6;185
1386;13;male;34;150;15;5.0;295
1387;12;female;42;145;20;4.0;182
1388;15;male;47;168;17;5.7;361
1389;15;male;53;175;17;6.0;357
1390;14;male;59;165;22;6.3;395
1391;14;female;47;155;20;4.6;250
1392;13;female;54;150;24;5.1;210
1393;14;male;40;155;17;4.9;298
1394;13;female;62;165;23;4.8;258
1395;14;female;42;155;17;5.0;210
1396;14;female;50;163;19;5.2;168
1397;13;female;54;156;22;4.0;173
1398;16;male;63;180;19;5.5;270
1399;13;male;45;165;17;5.4;310
1400;12;male;41;150;18;4.8;275
1401;12;female;55;162;21;5.3;210
1402;12;male;54;170;19;4.9;315
1403;13;female;53;165;19;4.9;180
1404;12;female;28;150;12;4.8;176
1405;12;male;36;145;17;5.7;259
1406;17;male;51;176;16;6.4;350
1407;15;female;38;155;16;4.2;185
1408;14;male;44;165;16;6.0;260
1409;13;male;56;175;18;6.1;340
1410;13;male;32;144;15;5.3;333
1411;13;female;43;156;18;5.1;200
1412;14;male;38;155;16;5.7;290
1413;14;male;41;166;15;5.8;335
1414;15;female;51;155;21;4.4;210
1415;12;female;41;150;18;5.2;190
1416;14;male;38;152;16;5.1;210
1417;15;male;41;160;16;4.6;315
1418;12;female;33;138;17;5.1;253
1419;12;male;32;145;15;5.3;230
1420;12;female;52;160;20;5.5;220
1421;13;female;46;156;19;4.6;223
1422;12;male;36;150;16;5.3;290
1423;13;female;34;151;15;4.2;180
1424;12;male;47;155;20;5.8;310
1425;12;male;35;150;16;5.9;310
1426;13;female;56;162;21;4.6;160
1427;13;male;58;160;23;4.8;270
1428;15;male;60;165;22;5.7;406
1429;15;male;58;170;20;6.6;303
1430;15;female;43;141;22;5.7;270
1431;15;female;52;163;20;4.3;160
1432;14;male;55;180;17;4.5;230
1433;14;male;62;183;19;4.5;210
1434;14;female;59;163;22;5.6;260
1435;13;male;44;165;16;5.8;420
1436;13;male;42;150;19;4.8;230
1437;14;male;68;161;26;4.1;230
1438;13;male;35;155;15;4.7;250
1439;13;male;47;165;17;5.3;285
1440;13;male;33;138;17;5.3;360
1441;14;female;57;161;22;5.4;210
1442;12;male;39;160;15;5.9;350
1443;16;male;54;172;18;6.0;380
1444;13;female;40;156;16;5.0;300
1445;16;male;56;175;18;6.2;260
1446;13;male;38;145;18;4.7;220
1447;14;female;49;160;19;5.0;220
1448;12;male;37;157;15;4.9;330
1449;12;female;61;162;23;5.3;160
1450;13;male;48;163;18;5.2;370
1451;12;male;36;150;16;5.5;290
1452;13;female;64;166;23;5.3;209
1453;12;female;43;150;19;4.9;170
1454;12;female;44;158;18;5.1;280
1455;12;male;36;150;16;5.7;370
1456;13;female;45;158;18;5.5;180
1457;12;female;36;155;15;4.8;290
1458;12;male;34;152;15;5.1;220
1459;12;male;42;160;16;5.9;370
1460;16;male;50;162;19;5.8;230
1461;15;male;66;179;21;6.1;450
1462;17;female;42;170;15;4.9;250
1463;14;male;49;158;20;4.9;270
1464;15;female;60;175;20;5.4;270
1465;15;male;40;160;16;5.2;360
1466;14;male;50;167;18;6.0;310
1467;13;female;42;155;17;4.9;190
1468;13;female;49;150;22;5.2;190
1469;13;male;53;150;24;4.6;310
1470;12;male;38;145;18;5.1;319
1471;12;male;46;156;19;4.7;210
1472;12;male;38;155;16;5.8;200
1473;12;male;47;160;18;5.5;258
1474;12;male;42;155;18;5.0;300
1475;12;male;32;145;15;5.7;304
1476;12;male;45;160;18;5.6;224
1477;12;male;38;155;16;5.5;344
1478;12;male;30;135;16;4.5;238
1479;12;male;36;145;17;5.1;207
1480;12;female;51;155;21;4.5;200
1481;12;female;47;160;18;5.4;220
1482;13;male;37;150;16;5.1;240
1483;12;female;42;160;16;4.5;221
1484;13;male;46;160;18;6.0;400
1485;15;male;51;175;17;5.5;390
1486;14;male;46;155;19;4.9;265
1487;15;male;50;170;17;5.5;300
1488;14;female;52;155;22;5.0;310
1489;14;male;43;155;18;5.3;408
1490;13;male;44;155;18;6.1;373
1491;13;male;50;150;22;4.9;456
1492;13;female;41;155;17;4.9;198
1493;13;male;36;155;15;5.8;377
1494;13;male;43;155;18;5.2;360
1495;13;male;45;160;18;4.8;486
1496;14;male;47;155;20;6.5;510
1497;14;male;59;170;20;5.7;490
1498;12;male;34;145;16;4.8;303
1499;12;female;50;160;20;5.1;270
1500;13;female;42;165;16;5.2;356
1501;12;male;33;145;16;4.9;337
1502;13;male;32;150;14;5.4;350
1503;13;female;41;155;17;4.7;297
1504;13;male;34;145;16;5.3;311
1505;13;female;43;145;20;5.2;276
1506;16;male;53;160;21;4.8;313
1507;15;female;53;163;20;5.3;191
1508;13;female;47;155;20;4.5;200
1509;14;male;33;145;16;4.4;265
1510;13;male;52;175;17;5.2;322
1511;13;male;38;155;16;5.0;302
1512;13;female;51;160;20;4.9;232
1513;14;female;50;162;19;4.5;198
1514;13;male;39;150;17;5.6;368
1515;12;male;42;147;19;5.0;295
1516;13;female;40;160;16;4.8;264
1517;13;male;50;161;19;5.7;310
1518;13;female;58;147;27;5.2;240
1519;13;female;39;156;16;5.2;230
1520;13;male;51;157;21;4.6;230
1521;13;male;47;169;16;5.5;490
1522;13;male;37;156;15;5.5;320
1523;13;male;35;158;14;5.1;320
1524;13;female;71;167;25;4.6;230
1525;13;female;58;156;24;5.5;280
1526;14;male;50;166;18;6.2;395
1527;13;female;58;158;23;4.5;160
1528;13;female;44;161;17;5.1;280
1529;14;male;46;161;18;5.6;410
1530;13;female;50;166;18;5.3;230
1531;13;female;39;156;16;5.1;195
1532;13;female;43;159;17;4.9;320
1533;14;female;52;165;19;5.2;260
1534;14;female;48;162;18;4.3;300
1535;14;male;52;164;19;5.4;410
1536;14;male;56;172;19;6.6;500
1537;13;female;53;166;19;5.3;270
1538;14;male;80;170;28;5.4;380
1539;13;male;40;162;15;5.1;240
1540;13;female;45;155;19;5.0;260
1541;13;female;38;144;18;3.9;180
1542;13;male;38;155;16;4.6;370
1543;14;male;64;187;18;5.9;440
1544;14;male;46;160;18;5.7;450
1545;13;male;48;162;18;5.4;310
1546;13;female;42;160;16;4.7;220
1547;14;female;52;160;20;5.2;260
1548;13;male;31;142;15;4.7;320
1549;13;female;41;153;18;5.0;316
1550;13;female;45;163;17;5.8;325
1551;13;female;45;165;17;5.0;280
1552;13;female;58;173;19;4.7;160
1553;14;male;41;158;16;5.8;310
1554;13;male;38;150;17;5.7;401
1555;14;female;52;149;23;4.7;216
1556;14;female;40;148;18;4.7;293
1557;13;female;55;160;21;5.5;356
1558;13;female;55;155;23;5.1;249
1559;13;female;32;147;15;4.5;221
1560;13;male;36;153;15;5.7;266
1561;13;male;37;157;15;5.3;335
1562;13;male;46;170;16;5.7;485
1563;13;female;47;159;19;4.9;269
1564;13;male;49;163;18;5.6;345
1565;13;female;68;157;28;5.5;246
1566;13;female;54;150;24;4.4;185
1567;13;female;51;157;21;4.4;180
1568;13;male;38;155;16;5.6;347
1569;13;female;44;159;17;4.7;284
1570;13;male;49;145;23;5.5;337
1571;13;female;38;154;16;5.1;343
1572;13;male;44;157;18;4.5;253
1573;14;male;60;178;19;6.3;347
1574;14;female;56;168;20;5.9;330
1575;16;female;50;158;20;5.4;315
1576;15;male;60;170;21;6.7;466
1577;15;female;50;162;19;4.2;217
1578;15;male;60;175;20;6.1;376
1579;15;female;46;160;18;5.5;342
1580;14;female;50;158;20;5.3;266
1581;14;female;50;168;18;5.1;284
1582;14;male;46;160;18;5.3;325
1583;14;male;50;170;17;6.1;440
1584;14;female;50;158;20;5.9;275
1585;15;male;58;175;19;6.6;480
1586;14;female;52;162;20;4.5;210
1587;14;male;52;166;19;5.8;376
1588;14;female;48;158;19;3.6;230
1589;15;female;46;156;19;5.2;203
1590;14;female;48;155;20;5.2;280
1591;14;female;50;160;20;5.4;193
1592;14;male;46;155;19;4.9;257
1593;14;female;56;170;19;5.0;348
1594;14;female;56;168;20;5.2;245
1595;14;male;54;168;19;6.3;385
1596;15;female;52;165;19;6.3;286
1597;14;male;42;155;17;5.0;305
1598;14;male;58;175;19;5.7;345
1599;14;female;54;160;21;5.4;337
1600;15;male;50;162;19;6.3;375
1601;16;female;50;160;20;5.1;257
1602;13;male;36;152;16;5.4;281
1603;13;male;43;157;17;5.8;370
1604;16;male;51;170;18;6.3;444
1605;15;female;58;169;20;5.6;350
1606;14;male;48;164;18;6.3;420
1607;17;male;66;182;20;6.3;441
1608;14;male;37;155;15;6.0;354
1609;14;male;50;164;19;5.9;410
1610;17;female;56.7;168;20;5.6;283
1611;15;female;50.3;162;19;5.4;243
1612;17;male;56;179;17;6.1;410
1613;15;male;58;171;20;6.3;424
1614;16;male;67;183;20;7.2;560
1615;16;male;52;164;19;5.5;390
1616;15;male;44;166;16;6.6;465
1617;16;male;60;160;23;4.4;300
1618;15;male;41;165;15;6.3;425
1619;15;female;44;162;17;5.6;325
1620;15;male;51;176;16;6.1;370
1621;14;female;36;155;15;4.8;230
1622;14;male;50;175;16;6.0;330
1623;14;female;52;171;18;4.9;250
1624;15;male;49;172;17;5.9;380
1625;13;male;57;165;21;4.9;290
1626;18;male;61;182;18;6.0;470
1627;15;male;49;171;17;5.2;275
1628;16;male;47;169;16;7.2;440
1629;14;female;44;155;18;5.1;340
1630;14;male;49;162;19;5.8;390
1631;17;male;56;170;19;7.6;565
1632;15;female;62;165;23;4.5;200
1633;15;female;55;162;21;5.5;280
1634;16;female;49;164;18;5.5;220
1635;15;female;42;148;19;6.2;363
1636;17;female;62;164;23;4.9;300
1637;15;female;47;150;21;4.7;210
1638;17;female;66;160;26;5.8;320
1639;15;female;44;162;17;5.0;230
1640;15;male;62;180;19;6.4;440
1641;17;male;55;168;19;6.0;420
1642;17;female;60;166;22;4.6;200
1643;16;female;47;157;19;5.5;210
1644;15;female;57;155;24;5.0;220
1645;15;male;65;184;19;6.1;430
1646;16;male;63;171;22;6.5;375
1647;15;male;45;163;17;7.2;444
1648;16;male;52;169;18;6.6;384
1649;17;male;65;178;21;6.3;425
1650;17;female;52;167;19;6.1;240
1651;16;female;42;160;16;5.0;210
1652;15;male;45;174;15;6.0;430
1653;17;male;72;173;24;5.5;373
1654;16;female;46;167;16;5.2;260
1655;15;female;58;166;21;4.5;180
1656;14;female;45;161;17;5.9;330
1657;14;male;41;156;17;6.8;380
1658;14;female;54;173;18;5.5;280
1659;14;male;59;179;18;6.6;460
1660;15;female;46;150;20;4.6;180
1661;15;male;51;173;17;5.8;450
1662;15;female;57;153;24;4.8;310
1663;11;female;52;160;20;4.7;259
1664;11;female;33;150;15;4.7;250
1665;12;female;44;151;19;5.1;244
1666;11;male;44;155;18;5.2;252
1667;11;female;49;152;21;4.3;170
1668;11;female;43;148;20;4.6;202
1669;11;male;49;152;21;4.9;288
1670;11;female;29;139;15;4.8;295
1671;11;female;40;154;17;4.6;223
1672;12;male;38;146;18;5.3;288
1673;12;male;51;156;21;5.7;322
1674;11;male;38.5;150;17;5.1;265
1675;12;female;44;169;15;4.4;240
1676;11;female;42;155;17;4.8;280
1677;11;male;29;143;14;4.5;230
1678;11;male;35;146;16;5.6;353
1679;12;male;45;155;19;4.5;260
1680;11;female;38;150;17;5.1;248
1681;11;male;32;143;16;5.3;234
1682;11;female;40;155;17;4.7;261
1683;11;female;48;156;20;4.4;196
1684;12;male;40;150;18;5.3;339
1685;11;female;67;156;28;3.9;173
1686;11;male;37;141;19;5.3;345
1687;11;female;37.5;153;16;5.3;354
1688;11;male;49;150;22;4.4;262
1689;12;male;35;151;15;5.5;395
1690;11;female;35;150;16;4.9;262
1691;11;female;42;166;15;4.8;236
1692;11;female;36;155;15;5.1;283
1693;11;male;42.5;160;17;5.4;360
1694;12;female;38;155;16;4.6;215
1695;12;female;62;164;23;4.3;220
1696;11;female;29;153;12;4.3;271
1697;12;male;48;155;20;5.3;326
1698;12;male;37;150;16;5.1;300
1699;12;female;77;165;28;3.8;160
1700;12;male;33;144;16;5.4;370
1701;12;male;42;167;15;5.6;341
1702;11;male;33;148;15;5.3;180
1703;11;male;53;160;21;5.1;230
1704;11;female;33;143;16;4.4;180
1705;11;male;45;152;19;5.7;354
1706;11;male;33;148;15;4.9;210
1707;11;male;36;153;15;5.7;341
1708;12;male;37;146;17;5.2;305
1709;11;male;33;146;15;4.8;263
1710;12;male;47;153;20;5.6;288
1711;11;female;38;150;17;5.3;260
1712;11;female;61;148;28;5.1;204
1713;11;male;40.5;143;20;5.2;288
1714;16;male;47;176;15;5.2;290
1715;13;male;40;153;17;5.1;267
1716;13;female;41;155;17;4.5;185
1717;11;male;52;163;20;4.3;257
1718;15;male;54;167;19;5.8;384
1719;12;female;35;148;16;5.1;196
1720;12;male;48;152;21;4.5;300
1721;12;female;40;152;17;5.1;247
1722;12;male;42;156;17;5.9;335
1723;13;male;55;165;20;5.7;375
1724;13;male;35;145;17;4.7;266
1725;11;male;37;147;17;5.0;315
1726;11;female;35;150;16;4.1;212
1727;12;male;44;155;18;4.4;315
1728;11;male;41;149;18;5.1;330
1729;12;female;39;146;18;4.9;320
1730;11;male;37;155;15;5.1;300
1731;11;female;39;150;17;5.3;283
1732;12;female;37;160;14;5.1;227
1733;11;female;36;157;15;4.5;240
1734;11;female;39;150;17;5.1;245
1735;12;male;37;147;17;5.6;332
1736;12;female;61;162;23;4.7;258
1737;12;male;38;156;16;5.1;309
1738;11;male;43;159;17;5.6;350
1739;15;male;55;175;18;5.3;360
1740;15;male;53;175;17;6.0;423
1741;15;male;64;170;22;6.6;450
1742;13;male;49;156;20;5.2;344
1743;13;male;50;165;18;5.9;356
1744;14;male;43;156;18;5.3;306
1745;14;male;48;170;17;5.4;352
1746;13;male;81;178;26;5.7;270
1747;12;male;45;155;19;4.5;250
1748;12;female;41;155;17;4.7;249
1749;12;male;39;158;16;5.6;355
1750;13;female;31;146;15;4.9;292
1751;12;female;54;164;20;5.0;243
1752;12;male;53;165;19;6.0;440
1753;11;female;34;144;16;4.9;267
1754;11;female;51;151;22;4.6;172
1755;11;female;42;150;19;4.8;216
1756;11;male;35;150;16;5.4;329
1757;12;female;54;158;22;4.7;200
1758;11;male;49;155;20;4.8;322
1759;11;male;37;145;18;5.1;330
1760;11;female;40;148;18;5.1;260
1761;12;female;41;153;18;4.8;230
1762;11;male;47;155;20;5.1;334
1763;11;female;36;150;16;5.3;198
1764;11;male;33;150;15;5.6;347
1765;11;female;37;156;15;4.8;210
1766;12;female;52;163;20;4.9;237
1767;11;male;37;145;18;5.4;318
1768;14;male;58;165;21;5.6;337
1769;13;female;80;155;33;4.3;170
1770;13;male;30;145;14;5.5;353
1771;13;female;49;155;20;4.6;206
1772;12;male;48;157;19;5.7;370
1773;15;male;66;165;24;5.6;343
1774;14;male;39;160;15;4.8;287
1775;13;male;39;150;17;4.8;337
1776;15;male;49;170;17;5.4;368
1777;14;male;53;164;20;5.6;390
1778;15;male;64;171;22;6.6;476
1779;18;male;65;180;20;6.3;500
1780;16;female;47;154;20;4.8;256
1781;15;female;55;163;21;5.1;240
1782;16;female;46;150;20;4.8;280
1783;14;female;52;158;21;5.2;222
1784;14;female;63;163;24;5.1;315
1785;15;female;46;155;19;4.9;306
1786;14;male;48;176;15;5.7;354
1787;14;male;55;173;18;6.3;393
1788;14;female;51;160;20;4.4;226
1789;14;female;64;170;22;5.3;300
1790;13;female;48;165;18;4.8;218
1791;14;male;45;162;17;6.1;484
1792;13;male;49;163;18;5.3;351
1793;13;male;48;170;17;5.3;374
1794;13;male;40;153;17;4.9;306
1795;13;female;55;164;20;5.2;267
1796;13;female;46;156;19;4.4;238
1797;13;female;51;160;20;5.4;333
1798;13;female;55;160;21;5.2;292
1799;13;female;57;163;21;4.7;230
1800;13;female;50;171;17;4.4;240
1801;13;male;67;172;23;5.6;318
1802;14;female;48;160;19;4.6;261
1803;17;male;50;170;17;6.2;464
1804;15;male;50;175;16;5.9;380
1805;15;male;63;179;20;6.0;422
1806;13;female;49;153;21;4.7;195
1807;13;male;80;165;29;4.3;281
1808;13;male;32;150;14;5.5;260
1809;16;male;78;175;25;5.7;375
1810;16;male;67;180;21;6.5;526
1811;17;male;52;170;18;6.1;380
1812;16;male;54;167;19;6.7;500
1813;17;male;69;178;22;6.0;460
1814;17;male;57;170;20;6.3;390
1815;14;female;62;160;24;4.7;174
1816;15;female;43;160;17;4.9;205
1817;14;female;49;155;20;4.7;344
1818;14;male;48;156;20;5.5;370
1819;14;male;52;160;20;6.0;370
1820;14;female;63;160;25;4.7;215
1821;14;male;55;170;19;6.0;352
1822;16;male;55;172;19;6.6;490
1823;15;male;50;172;17;6.2;445
1824;13;male;46;160;18;5.7;388
1825;14;female;53;167;19;5.5;368
1826;13;male;43;163;16;5.4;364
1827;14;female;36;145;17;4.6;211
1828;13;female;78;158;31;5.2;214
1829;13;female;42;155;17;4.9;270
1830;13;female;54;160;21;4.8;177
1831;13;female;48;171;16;4.9;260
1832;13;female;55;160;21;5.0;225
1833;13;female;60;152;26;5.1;204
1834;13;female;47;157;19;5.6;274
1835;13;female;45;162;17;5.1;295
1836;17;male;73;177;23;6.2;493
1837;13;female;58.5;155;24;5.3;270
1838;15;male;57;177;18;6.3;484
1839;16;male;76;184;22;6.5;474
1840;14;female;51;153;22;5.0;208
1841;14;male;59;175;19;5.9;440
1842;14;male;61;165;22;5.3;300
1843;14;female;46;159;18;3.7;226
1844;14;male;35;160;14;5.3;320
1845;14;male;56;180;17;6.7;413
1846;14;female;52;161;20;5.1;246
1847;14;male;49;160;19;5.6;370
1848;13;female;47;157;19;5.1;287
1849;13;male;54;173;18;5.3;344
1850;14;male;37;155;15;5.8;333
1851;15;female;52;157;21;5.2;203
